<?xml version="1.0" encoding="UTF-8"?>
<project-private xmlns="http://www.netbeans.org/ns/project-private/1">
    <editor-bookmarks xmlns="http://www.netbeans.org/ns/editor-bookmarks/2" lastBookmarkId="0"/>
    <open-files xmlns="http://www.netbeans.org/ns/projectui-open-files/2">
        <group>
            <file>file:/D:/TUGAS%20SEMESTER%204/PRAK%20SCPK/Perpus/PerpustakaanUmum/src/Views/PerpustakaanUmum.java</file>
            <file>file:/D:/TUGAS%20SEMESTER%204/PRAK%20SCPK/Perpus/PerpustakaanUmum/src/Models/AnggotaModel.java</file>
            <file>file:/D:/TUGAS%20SEMESTER%204/PRAK%20SCPK/Perpus/PerpustakaanUmum/src/Controllers/BukuController.java</file>
            <file>file:/D:/TUGAS%20SEMESTER%204/PRAK%20SCPK/Perpus/PerpustakaanUmum/src/DAO/PeminjamanDAO.java</file>
            <file>file:/D:/TUGAS%20SEMESTER%204/PRAK%20SCPK/Perpus/PerpustakaanUmum/src/Views/InputPeminjamanView.java</file>
            <file>file:/D:/TUGAS%20SEMESTER%204/PRAK%20SCPK/Perpus/PerpustakaanUmum/src/Models/PeminjamanModel.java</file>
            <file>file:/D:/TUGAS%20SEMESTER%204/PRAK%20SCPK/Perpus/PerpustakaanUmum/src/Controllers/AnggotaController.java</file>
            <file>file:/D:/TUGAS%20SEMESTER%204/PRAK%20SCPK/Perpus/PerpustakaanUmum/src/Models/BukuModel.java</file>
            <file>file:/D:/TUGAS%20SEMESTER%204/PRAK%20SCPK/Perpus/PerpustakaanUmum/src/Controllers/PeminjamanController.java</file>
            <file>file:/D:/TUGAS%20SEMESTER%204/PRAK%20SCPK/Perpus/PerpustakaanUmum/src/Views/LoginView.java</file>
            <file>file:/D:/TUGAS%20SEMESTER%204/PRAK%20SCPK/Perpus/PerpustakaanUmum/src/DAOImplements/AdminImplement.java</file>
            <file>file:/D:/TUGAS%20SEMESTER%204/PRAK%20SCPK/Perpus/PerpustakaanUmum/src/Views/ShowPeminjamanView.java</file>
            <file>file:/D:/TUGAS%20SEMESTER%204/PRAK%20SCPK/Perpus/PerpustakaanUmum/src/DAOImplements/AnggotaImplement.java</file>
            <file>file:/D:/TUGAS%20SEMESTER%204/PRAK%20SCPK/Perpus/PerpustakaanUmum/src/Views/AnggotaView.java</file>
            <file>file:/D:/TUGAS%20SEMESTER%204/PRAK%20SCPK/Perpus/PerpustakaanUmum/src/Models/AdminModel.java</file>
            <file>file:/D:/TUGAS%20SEMESTER%204/PRAK%20SCPK/Perpus/PerpustakaanUmum/src/Views/HomeView.java</file>
            <file>file:/D:/TUGAS%20SEMESTER%204/PRAK%20SCPK/Perpus/PerpustakaanUmum/src/Views/BukuView.java</file>
        </group>
    </open-files>
</project-private>
